ID_produit,Nom_produit,Quantite_vendue,Prix_unitaire,Date_vente,Montant_total,Prix_unitaire_normalisé,Mois_vente,Annee_vente,Categorie_montant,Categorie_produit
1,chemise,10.0,25.0,2022-01-05,250.0,0.167,1,2022,élevé,habillement
2,pantalon,8.0,35.0,2022-01-06,280.0,0.278,1,2022,élevé,habillement
4,cravate,12.0,15.0,2022-01-08,180.0,0.055,1,2022,moyen,autre
5,robe,15.0,45.0,2022-01-09,675.0,0.39,1,2022,élevé,autre
7,pantalon,8.0,35.0,2022-01-06,280.0,0.278,1,2022,élevé,habillement
9,lunettes de soleil,10.0,40.0,2022-01-12,400.0,0.334,1,2022,élevé,autre
12,montre,25.0,55.0,2022-01-15,1375.0,0.501,1,2022,élevé,autre
13,chemise,10.0,25.0,2022-01-05,250.0,0.167,1,2022,élevé,habillement
14,pantalon,8.0,35.0,2022-01-06,280.0,0.278,1,2022,élevé,habillement
15,chaussures,20.0,50.0,2022-01-07,1000.0,0.446,1,2022,élevé,autre
16,cravate,12.0,15.0,2022-01-08,180.0,0.055,1,2022,moyen,autre
17,robe,15.0,45.0,2022-01-09,675.0,0.39,1,2022,élevé,autre
19,pantalon,8.0,35.0,2022-01-06,280.0,0.278,1,2022,élevé,habillement
21,lunettes de soleil,10.0,40.0,2022-01-12,400.0,0.334,1,2022,élevé,autre
24,montre,25.0,55.0,2022-01-15,1375.0,0.501,1,2022,élevé,autre
25,chemise,10.0,25.0,2022-01-05,250.0,0.167,1,2022,élevé,habillement
26,pantalon,8.0,35.0,2022-01-06,280.0,0.278,1,2022,élevé,habillement
27,chaussures,20.0,50.0,2022-01-07,1000.0,0.446,1,2022,élevé,autre
28,cravate,12.0,15.0,2022-01-08,180.0,0.055,1,2022,moyen,autre
29,robe,15.0,45.0,2022-01-09,675.0,0.39,1,2022,élevé,autre
31,pantalon,8.0,35.0,2022-01-06,280.0,0.278,1,2022,élevé,habillement
33,lunettes de soleil,10.0,40.0,2022-01-12,400.0,0.334,1,2022,élevé,autre
36,montre,25.0,55.0,2022-01-15,1375.0,0.501,1,2022,élevé,autre
37,chemise,10.0,25.0,2022-01-05,250.0,0.167,1,2022,élevé,habillement
38,pantalon,8.0,35.0,2022-01-06,280.0,0.278,1,2022,élevé,habillement
39,chaussures,20.0,50.0,2022-01-07,1000.0,0.446,1,2022,élevé,autre
40,cravate,12.0,15.0,2022-01-08,180.0,0.055,1,2022,moyen,autre
41,robe,15.0,45.0,2022-01-09,675.0,0.39,1,2022,élevé,autre
43,pantalon,8.0,35.0,2022-01-06,280.0,0.278,1,2022,élevé,habillement
45,lunettes de soleil,10.0,40.0,2022-01-12,400.0,0.334,1,2022,élevé,autre
48,montre,25.0,55.0,2022-01-15,1375.0,0.501,1,2022,élevé,autre
49,chemise,10.0,25.0,2022-01-05,250.0,0.167,1,2022,élevé,habillement
50,pantalon,8.0,35.0,2022-01-06,280.0,0.278,1,2022,élevé,habillement
51,chaussures,20.0,50.0,2022-01-07,1000.0,0.446,1,2022,élevé,autre
52,cravate,12.0,15.0,2022-01-08,180.0,0.055,1,2022,moyen,autre
53,robe,15.0,45.0,2022-01-09,675.0,0.39,1,2022,élevé,autre
55,pantalon,8.0,35.0,2022-01-06,280.0,0.278,1,2022,élevé,habillement
57,lunettes de soleil,10.0,40.0,2022-01-12,400.0,0.334,1,2022,élevé,autre
60,montre,25.0,55.0,2022-01-15,1375.0,0.501,1,2022,élevé,autre
61,chemise,10.0,25.0,2022-01-05,250.0,0.167,1,2022,élevé,habillement
62,pantalon,8.0,35.0,2022-01-06,280.0,0.278,1,2022,élevé,habillement
63,chaussures,20.0,50.0,2022-01-07,1000.0,0.446,1,2022,élevé,autre
64,cravate,12.0,15.0,2022-01-08,180.0,0.055,1,2022,moyen,autre
65,robe,15.0,45.0,2022-01-09,675.0,0.39,1,2022,élevé,autre
14,pantalon,12.2,12.68,2023-06-10,154.696,0.029,6,2023,moyen,habillement
44,chemise,12.2,62.96,2023-08-09,768.112,0.59,8,2023,élevé,habillement
53,montre,17.4,70.6,2023-12-13,1228.4399999999998,0.675,12,2023,élevé,autre
71,pantalon,2.0,97.21,2023-08-26,194.42,0.972,8,2023,moyen,habillement
85,pull,2.8,70.55,2023-11-15,197.54,0.675,11,2023,moyen,autre
84,chemise,18.0,80.06,2023-12-15,1441.08,0.781,12,2023,élevé,habillement
29,pantalon,15.8,77.88,2024-02-27,1230.504,0.756,2,2024,élevé,habillement
90,robe,15.6,64.53,2024-06-08,1006.668,0.608,6,2024,élevé,autre
76,lunettes de soleil,6.8,64.87,2024-06-13,441.11600000000004,0.611,6,2024,élevé,autre
62,montre,5.6,44.52,2025-04-02,249.312,0.384,4,2025,élevé,autre
49,lunettes de soleil,19.8,54.58,2025-01-05,1080.684,0.497,1,2025,élevé,autre
100,chaussures,16.0,34.95,2024-08-11,559.2,0.278,8,2024,élevé,autre
70,robe,16.2,69.5,2023-11-26,1125.8999999999999,0.663,11,2023,élevé,autre
2,pull,16.0,63.0,2024-05-23,1008.0,0.591,5,2024,élevé,autre
93,pull,15.8,89.5,2023-12-02,1414.1000000000001,0.886,12,2023,élevé,autre
14,chaussures,5.9,64.22,2024-03-28,378.898,0.604,3,2024,élevé,autre
99,chemise,13.6,63.75,2024-12-22,867.0,0.599,12,2024,élevé,habillement
11,chaussures,6.2,84.79,2024-06-19,525.6980000000001,0.834,6,2024,élevé,autre
21,chaussures,16.1,20.92,2025-04-03,336.81200000000007,0.121,4,2025,élevé,autre
100,chaussures,15.6,48.94,2024-11-18,763.4639999999999,0.434,11,2024,élevé,autre
14,cravate,5.6,67.42,2025-02-28,377.55199999999996,0.64,2,2025,élevé,autre
53,pull,14.6,71.31,2024-08-16,1041.126,0.683,8,2024,élevé,autre
95,chemise,18.4,47.61,2024-01-16,876.0239999999999,0.419,1,2024,élevé,habillement
40,chemise,8.5,77.12,2024-04-06,655.52,0.748,4,2024,élevé,habillement
27,pantalon,2.9,50.18,2023-09-22,145.522,0.448,9,2023,moyen,habillement
95,chemise,8.6,58.58,2024-11-16,503.78799999999995,0.541,11,2024,élevé,habillement
70,chemise,11.0,95.07,2024-02-03,1045.77,0.948,2,2024,élevé,habillement
53,chaussures,17.0,16.12,2023-06-12,274.04,0.068,6,2023,élevé,autre
56,pull,11.8,90.53,2024-09-03,1068.2540000000001,0.898,9,2024,élevé,autre
79,lunettes de soleil,4.2,80.64,2023-10-23,338.68800000000005,0.787,10,2023,élevé,autre
55,pull,16.0,34.93,2023-12-01,558.88,0.278,12,2023,élevé,autre
99,pantalon,1.3,11.24,2024-07-29,14.612,0.013,7,2024,faible,habillement
21,robe,15.7,30.56,2024-12-19,479.792,0.229,12,2024,élevé,autre
48,montre,20.0,75.92,2024-06-29,1518.4,0.735,6,2024,élevé,autre
63,chemise,19.5,74.05,2023-07-21,1443.975,0.714,7,2023,élevé,habillement
72,cravate,2.8,82.35,2024-04-02,230.57999999999996,0.806,4,2024,élevé,autre
61,pull,15.6,97.66,2024-02-19,1523.4959999999999,0.977,2,2024,élevé,autre
40,chaussures,10.3,15.06,2024-12-12,155.11800000000002,0.056,12,2024,moyen,autre
23,pull,2.1,62.79,2025-04-18,131.859,0.588,4,2025,moyen,autre
34,montre,9.8,85.34,2023-11-02,836.3320000000001,0.84,11,2023,élevé,autre
80,lunettes de soleil,3.1,23.34,2024-12-23,72.354,0.148,12,2024,moyen,autre
36,montre,17.3,97.52,2024-12-27,1687.096,0.975,12,2024,élevé,autre
100,chemise,4.3,85.33,2023-11-23,366.919,0.84,11,2023,élevé,habillement
63,pull,13.0,38.21,2025-01-11,496.73,0.314,1,2025,élevé,autre
97,cravate,1.3,66.4,2024-08-03,86.32000000000001,0.628,8,2024,moyen,autre
80,chemise,12.3,69.58,2023-05-31,855.8340000000001,0.664,5,2023,élevé,habillement
87,pull,9.1,18.55,2024-09-11,168.805,0.095,9,2024,moyen,autre
100,chaussures,14.1,75.74,2024-07-26,1067.934,0.733,7,2024,élevé,autre
27,lunettes de soleil,13.3,77.22,2024-12-19,1027.026,0.749,12,2024,élevé,autre
46,chaussures,13.8,19.0,2024-07-09,262.2,0.1,7,2024,élevé,autre
86,lunettes de soleil,8.7,56.6,2024-08-25,492.41999999999996,0.519,8,2024,élevé,autre
74,robe,4.5,54.91,2024-09-18,247.09499999999997,0.5,9,2024,élevé,autre
52,robe,9.6,98.13,2024-01-15,942.0479999999999,0.982,1,2024,élevé,autre
8,chemise,7.8,73.12,2023-06-19,570.336,0.703,6,2023,élevé,habillement
17,chaussures,17.6,19.63,2023-07-03,345.488,0.107,7,2023,élevé,autre
26,montre,8.5,60.51,2024-11-28,514.335,0.563,11,2024,élevé,autre
43,montre,11.3,68.72,2024-12-05,776.5360000000001,0.654,12,2024,élevé,autre
53,cravate,15.1,78.2,2024-07-17,1180.82,0.76,7,2024,élevé,autre
67,lunettes de soleil,19.7,60.19,2023-11-23,1185.743,0.559,11,2023,élevé,autre
12,robe,7.2,74.65,2024-05-23,537.48,0.72,5,2024,élevé,autre
49,pantalon,15.4,36.35,2025-04-28,559.7900000000001,0.293,4,2025,élevé,habillement
87,chaussures,4.9,51.34,2025-05-06,251.56600000000003,0.461,5,2025,élevé,autre
40,chemise,14.1,40.0,2023-11-14,564.0,0.334,11,2023,élevé,habillement
20,chaussures,6.2,96.25,2024-09-25,596.75,0.961,9,2024,élevé,autre
4,montre,18.2,19.53,2024-11-11,355.446,0.106,11,2024,élevé,autre
50,pull,17.0,35.96,2023-05-29,611.32,0.289,5,2023,élevé,autre
34,cravate,10.2,40.86,2024-08-10,416.772,0.344,8,2024,élevé,autre
16,pantalon,17.3,43.84,2025-01-13,758.4320000000001,0.377,1,2025,élevé,habillement
86,montre,18.9,76.69,2025-04-27,1449.4409999999998,0.743,4,2025,élevé,autre
5,chaussures,10.3,52.41,2024-01-30,539.823,0.472,1,2024,élevé,autre
79,chaussures,16.9,83.6,2023-10-24,1412.8399999999997,0.82,10,2023,élevé,autre
47,cravate,9.8,34.88,2024-02-09,341.82400000000007,0.277,2,2024,élevé,autre
20,montre,10.5,70.31,2023-08-19,738.255,0.672,8,2023,élevé,autre
26,pull,5.4,39.35,2024-12-04,212.49,0.327,12,2024,élevé,autre
68,lunettes de soleil,10.1,50.72,2024-08-18,512.2719999999999,0.454,8,2024,élevé,autre
45,lunettes de soleil,9.4,36.24,2024-01-13,340.656,0.292,1,2024,élevé,autre
69,robe,4.5,85.54,2024-03-05,384.93,0.842,3,2024,élevé,autre
48,montre,11.3,58.03,2024-08-20,655.739,0.535,8,2024,élevé,autre
29,cravate,16.1,47.56,2025-02-24,765.7160000000001,0.418,2,2025,élevé,autre
45,pull,4.1,55.44,2023-12-23,227.30399999999997,0.506,12,2023,élevé,autre
64,cravate,12.9,12.68,2023-08-18,163.572,0.029,8,2023,moyen,autre
88,cravate,8.7,23.5,2024-08-28,204.45,0.15,8,2024,élevé,autre
43,lunettes de soleil,16.3,94.2,2025-04-02,1535.46,0.938,4,2025,élevé,autre
89,chemise,15.5,66.71,2023-12-05,1034.0049999999999,0.632,12,2023,élevé,habillement
64,pantalon,17.1,21.13,2024-10-13,361.32300000000004,0.124,10,2024,élevé,habillement
87,lunettes de soleil,16.3,21.26,2024-10-13,346.53800000000007,0.125,10,2024,élevé,autre
27,robe,14.1,70.04,2023-09-19,987.5640000000001,0.669,9,2023,élevé,autre
82,cravate,18.4,34.22,2024-04-24,629.6479999999999,0.27,4,2024,élevé,autre
89,chaussures,13.3,64.79,2024-07-07,861.7070000000001,0.611,7,2024,élevé,autre
36,montre,4.2,69.39,2023-09-12,291.438,0.662,9,2023,élevé,autre
16,pantalon,19.5,43.97,2025-04-06,857.415,0.378,4,2025,élevé,habillement
44,robe,8.0,56.59,2024-08-23,452.72,0.519,8,2024,élevé,autre
31,chemise,9.0,97.89,2024-02-19,881.01,0.98,2,2024,élevé,habillement
23,pull,17.1,26.07,2024-09-10,445.797,0.179,9,2024,élevé,autre
80,lunettes de soleil,17.7,20.66,2024-07-25,365.68199999999996,0.118,7,2024,élevé,autre
52,chemise,10.0,87.89,2024-04-27,878.9,0.868,4,2024,élevé,habillement
10,chemise,13.9,49.66,2024-03-09,690.274,0.442,3,2024,élevé,habillement
99,lunettes de soleil,15.6,43.72,2024-10-23,682.0319999999999,0.376,10,2024,élevé,autre
25,chemise,13.1,94.44,2024-07-03,1237.164,0.941,7,2024,élevé,habillement
99,pull,16.2,56.78,2024-04-25,919.836,0.521,4,2024,élevé,autre
92,cravate,17.1,73.04,2024-04-08,1248.9840000000002,0.702,4,2024,élevé,autre
69,cravate,14.1,31.34,2024-07-21,441.894,0.238,7,2024,élevé,autre
36,chemise,2.9,44.08,2025-01-27,127.832,0.38,1,2025,moyen,habillement
17,chaussures,7.5,79.06,2024-02-13,592.95,0.77,2,2024,élevé,autre
63,pantalon,15.5,65.59,2024-09-20,1016.6450000000001,0.619,9,2024,élevé,habillement
61,pantalon,14.3,26.98,2024-12-13,385.814,0.189,12,2024,élevé,habillement
54,cravate,7.1,26.36,2023-10-04,187.15599999999998,0.182,10,2023,moyen,autre
14,chaussures,13.0,13.69,2023-09-03,177.97,0.041,9,2023,moyen,autre
93,montre,19.8,58.02,2024-05-11,1148.796,0.535,5,2024,élevé,autre
58,pantalon,18.3,53.45,2023-06-25,978.1350000000001,0.484,6,2023,élevé,habillement
18,robe,17.6,67.82,2023-06-19,1193.632,0.644,6,2023,élevé,autre
19,montre,2.8,51.35,2025-01-31,143.78,0.461,1,2025,moyen,autre
98,chemise,3.5,34.09,2023-10-14,119.31500000000001,0.268,10,2023,moyen,habillement
89,robe,12.9,11.91,2025-01-30,153.639,0.021,1,2025,moyen,autre
10,pull,3.2,90.6,2024-04-20,289.92,0.898,4,2024,élevé,autre
74,cravate,14.4,42.55,2024-11-07,612.72,0.363,11,2024,élevé,autre
11,chaussures,12.9,19.98,2024-09-08,257.742,0.111,9,2024,élevé,autre
24,robe,1.2,69.37,2024-05-27,83.244,0.662,5,2024,moyen,autre
52,chemise,18.0,40.37,2023-09-24,726.66,0.338,9,2023,élevé,habillement
39,montre,10.4,85.88,2025-05-21,893.1519999999999,0.846,5,2025,élevé,autre
50,montre,17.5,80.2,2024-10-14,1403.5,0.782,10,2024,élevé,autre
78,montre,10.9,71.3,2023-06-26,777.17,0.683,6,2023,élevé,autre
29,pantalon,2.0,61.77,2025-01-09,123.54,0.577,1,2025,moyen,habillement
88,robe,16.9,77.95,2024-10-01,1317.355,0.757,10,2024,élevé,autre
34,montre,17.3,48.91,2025-01-03,846.143,0.433,1,2025,élevé,autre
50,lunettes de soleil,18.5,65.07,2024-10-25,1203.7949999999998,0.614,10,2024,élevé,autre
68,cravate,2.6,66.62,2023-09-03,173.21200000000002,0.631,9,2023,moyen,autre
8,cravate,5.4,30.44,2024-02-09,164.376,0.227,2,2024,moyen,autre
11,cravate,18.3,37.44,2023-09-05,685.1519999999999,0.306,9,2023,élevé,autre
30,chaussures,3.8,30.94,2024-08-01,117.572,0.233,8,2024,moyen,autre
88,montre,12.0,59.81,2024-05-24,717.72,0.555,5,2024,élevé,autre
53,lunettes de soleil,10.6,61.84,2024-09-21,655.504,0.578,9,2024,élevé,autre
86,robe,3.7,59.69,2024-05-22,220.853,0.554,5,2024,élevé,autre
13,pull,4.6,95.43,2024-07-03,438.978,0.952,7,2024,élevé,autre
55,pantalon,8.1,24.59,2024-05-28,199.179,0.162,5,2024,moyen,habillement
78,robe,10.0,94.26,2023-09-05,942.6,0.939,9,2023,élevé,autre
79,montre,5.0,80.5,2024-04-07,402.5,0.786,4,2024,élevé,autre
72,cravate,8.3,93.99,2025-04-03,780.1170000000001,0.936,4,2025,élevé,autre
95,chaussures,17.5,17.45,2025-01-08,305.375,0.083,1,2025,élevé,autre
60,pantalon,3.2,26.43,2024-04-10,84.57600000000001,0.183,4,2024,moyen,habillement
85,chaussures,4.8,37.12,2023-12-19,178.176,0.302,12,2023,moyen,autre
87,lunettes de soleil,12.3,41.22,2024-11-30,507.00600000000003,0.348,11,2024,élevé,autre
77,lunettes de soleil,18.4,22.43,2024-02-07,412.712,0.138,2,2024,élevé,autre
66,cravate,17.2,51.2,2025-04-29,880.64,0.459,4,2025,élevé,autre
73,cravate,5.6,72.07,2024-05-02,403.5919999999999,0.692,5,2024,élevé,autre
25,pantalon,18.2,57.03,2023-09-01,1037.946,0.524,9,2023,élevé,habillement
27,chaussures,7.2,78.98,2024-11-16,568.6560000000001,0.769,11,2024,élevé,autre
99,chaussures,4.9,19.08,2024-07-17,93.492,0.101,7,2024,moyen,autre
65,pull,10.1,95.04,2023-08-17,959.904,0.948,8,2023,élevé,autre
95,chaussures,18.4,58.55,2024-08-28,1077.32,0.541,8,2024,élevé,autre
13,chemise,7.6,18.29,2024-11-18,139.004,0.092,11,2024,moyen,habillement
86,pantalon,10.1,21.32,2024-03-29,215.332,0.126,3,2024,élevé,habillement
11,chaussures,8.6,22.75,2023-11-22,195.65,0.142,11,2023,moyen,autre
54,lunettes de soleil,12.2,85.09,2023-10-05,1038.098,0.837,10,2023,élevé,autre
36,chaussures,18.0,75.34,2024-10-30,1356.1200000000001,0.728,10,2024,élevé,autre
40,robe,15.4,45.82,2024-10-05,705.628,0.399,10,2024,élevé,autre
73,pantalon,7.2,49.83,2023-08-01,358.776,0.444,8,2023,élevé,habillement
48,chemise,18.3,51.15,2024-07-31,936.045,0.458,7,2024,élevé,habillement
92,pull,2.4,54.57,2023-11-09,130.968,0.497,11,2023,moyen,autre
49,cravate,18.1,93.19,2023-09-12,1686.739,0.927,9,2023,élevé,autre
62,pantalon,3.1,84.98,2024-10-11,263.43800000000005,0.836,10,2024,élevé,habillement
16,cravate,15.5,60.73,2024-06-04,941.3149999999999,0.565,6,2024,élevé,autre
73,chaussures,6.2,67.71,2023-11-07,419.80199999999996,0.643,11,2023,élevé,autre
79,chemise,13.8,17.72,2023-07-07,244.536,0.086,7,2023,élevé,habillement
44,chaussures,6.5,82.21,2025-04-29,534.365,0.805,4,2025,élevé,autre
36,cravate,19.5,91.83,2023-06-03,1790.685,0.912,6,2023,élevé,autre
86,pull,17.8,89.78,2023-06-03,1598.084,0.889,6,2023,élevé,autre
41,pantalon,1.4,82.56,2023-10-18,115.58399999999999,0.809,10,2023,moyen,habillement
10,chaussures,8.1,61.47,2024-07-03,497.907,0.573,7,2024,élevé,autre
16,chemise,14.4,92.62,2024-03-25,1333.728,0.921,3,2024,élevé,habillement
91,chaussures,9.9,49.83,2023-11-26,493.317,0.444,11,2023,élevé,autre
23,cravate,6.0,73.0,2023-11-13,438.0,0.702,11,2023,élevé,autre
56,chaussures,10.3,41.8,2024-02-03,430.54,0.354,2,2024,élevé,autre
26,montre,6.4,39.05,2024-11-25,249.92,0.323,11,2024,élevé,autre
15,robe,5.3,68.03,2024-02-03,360.55899999999997,0.647,2,2024,élevé,autre
83,cravate,10.1,29.71,2024-12-28,300.071,0.219,12,2024,élevé,autre
4,lunettes de soleil,11.5,28.01,2024-11-07,322.115,0.2,11,2024,élevé,autre
77,robe,16.1,16.99,2023-12-20,273.539,0.077,12,2023,élevé,autre
38,pull,9.1,97.17,2024-06-29,884.247,0.972,6,2024,élevé,autre
92,montre,16.4,19.14,2023-12-16,313.89599999999996,0.101,12,2023,élevé,autre
52,cravate,18.2,20.89,2023-12-22,380.198,0.121,12,2023,élevé,autre
50,pantalon,3.8,87.21,2023-10-20,331.39799999999997,0.861,10,2023,élevé,habillement
24,cravate,8.8,56.85,2024-04-14,500.28000000000003,0.522,4,2024,élevé,autre
22,cravate,1.3,64.24,2024-05-04,83.512,0.604,5,2024,moyen,autre
98,pull,14.7,58.03,2024-03-28,853.0409999999999,0.535,3,2024,élevé,autre
65,chemise,8.5,14.35,2025-05-05,121.975,0.048,5,2025,moyen,habillement
91,pantalon,14.6,67.61,2024-07-17,987.106,0.642,7,2024,élevé,habillement
46,pull,4.7,11.0,2024-10-29,51.7,0.011,10,2024,moyen,autre
71,robe,19.8,10.05,2024-08-14,198.99,0.0,8,2024,moyen,autre
13,chemise,19.9,98.94,2024-05-25,1968.9059999999997,0.991,5,2024,élevé,habillement
95,chemise,3.6,95.41,2024-01-20,343.476,0.952,1,2024,élevé,habillement
1,robe,12.0,54.34,2023-09-08,652.08,0.494,9,2023,élevé,autre
75,pantalon,19.4,21.92,2024-06-03,425.248,0.132,6,2024,élevé,habillement
50,robe,4.0,49.43,2024-02-24,197.72,0.439,2,2024,moyen,autre
99,lunettes de soleil,11.8,53.29,2024-06-09,628.822,0.482,6,2024,élevé,autre
95,pantalon,19.6,70.06,2024-12-18,1373.1760000000002,0.669,12,2024,élevé,habillement
21,cravate,15.0,27.63,2025-01-05,414.45,0.196,1,2025,élevé,autre
89,pantalon,16.8,52.64,2023-08-18,884.3520000000001,0.475,8,2023,élevé,habillement
67,chaussures,11.2,81.9,2023-08-09,917.28,0.801,8,2023,élevé,autre
78,montre,12.7,79.51,2023-09-07,1009.777,0.775,9,2023,élevé,autre
98,cravate,11.0,45.97,2024-02-18,505.66999999999996,0.401,2,2024,élevé,autre
89,pantalon,3.2,48.39,2024-03-29,154.848,0.428,3,2024,moyen,habillement
44,robe,5.5,46.67,2025-01-12,256.685,0.408,1,2025,élevé,autre
35,chemise,17.2,53.06,2023-08-07,912.632,0.48,8,2023,élevé,habillement
45,lunettes de soleil,3.1,51.78,2023-08-02,160.518,0.465,8,2023,moyen,autre
87,pantalon,2.5,10.04,2024-02-25,25.099999999999998,0.0,2,2024,faible,habillement
98,chemise,8.1,17.59,2024-05-01,142.47899999999998,0.084,5,2024,moyen,habillement
88,robe,8.7,75.92,2023-08-23,660.5039999999999,0.735,8,2023,élevé,autre
79,robe,4.4,37.41,2025-04-01,164.60399999999998,0.305,4,2025,moyen,autre
89,lunettes de soleil,19.7,22.25,2023-10-28,438.325,0.136,10,2023,élevé,autre
1,robe,12.9,43.94,2024-08-25,566.826,0.378,8,2024,élevé,autre
57,pantalon,13.3,15.7,2024-02-29,208.81,0.063,2,2024,élevé,habillement
24,chaussures,3.9,76.69,2025-01-03,299.091,0.743,1,2025,élevé,autre
26,montre,6.3,15.1,2025-05-06,95.13,0.056,5,2025,moyen,autre
78,pantalon,3.8,67.0,2024-07-11,254.6,0.635,7,2024,élevé,habillement
96,montre,18.7,93.29,2024-10-31,1744.5230000000001,0.928,10,2024,élevé,autre
47,pull,14.7,82.94,2025-05-09,1219.2179999999998,0.813,5,2025,élevé,autre
41,robe,19.1,84.5,2023-09-05,1613.95,0.83,9,2023,élevé,autre
68,robe,10.3,82.09,2025-01-10,845.527,0.803,1,2025,élevé,autre
61,pull,10.0,84.59,2025-03-18,845.9000000000001,0.831,3,2025,élevé,autre
57,pantalon,9.1,18.03,2025-02-04,164.073,0.089,2,2025,moyen,habillement
64,chaussures,6.0,48.6,2025-03-08,291.6,0.43,3,2025,élevé,autre
85,chemise,3.1,75.01,2024-05-16,232.53100000000003,0.724,5,2024,élevé,habillement
66,robe,7.2,44.11,2025-04-20,317.592,0.38,4,2025,élevé,autre
55,pantalon,3.8,92.76,2023-09-09,352.488,0.922,9,2023,élevé,habillement
95,chaussures,17.5,20.03,2025-04-16,350.52500000000003,0.111,4,2025,élevé,autre
14,robe,17.0,32.84,2024-01-30,558.2800000000001,0.254,1,2024,élevé,autre
27,chaussures,10.8,74.05,2025-01-16,799.74,0.714,1,2025,élevé,autre
19,pantalon,1.9,11.34,2024-08-18,21.546,0.014,8,2024,faible,habillement
73,montre,18.0,72.39,2023-09-14,1303.02,0.695,9,2023,élevé,autre
38,pull,10.2,38.71,2024-12-23,394.842,0.32,12,2024,élevé,autre
91,pull,8.8,51.34,2025-02-04,451.7920000000001,0.461,2,2025,élevé,autre
12,chaussures,19.6,82.43,2023-07-11,1615.6280000000002,0.807,7,2023,élevé,autre
51,montre,9.7,40.08,2025-02-03,388.77599999999995,0.335,2,2025,élevé,autre
33,chaussures,12.1,69.53,2024-11-26,841.313,0.663,11,2024,élevé,autre
98,lunettes de soleil,10.7,11.26,2024-02-13,120.48199999999999,0.014,2,2024,moyen,autre
36,montre,19.8,75.8,2023-07-04,1500.84,0.733,7,2023,élevé,autre
46,chaussures,14.2,31.93,2025-05-17,453.40599999999995,0.244,5,2025,élevé,autre
59,montre,7.8,65.0,2024-08-24,507.0,0.613,8,2024,élevé,autre
80,lunettes de soleil,8.4,61.07,2023-06-12,512.988,0.569,6,2023,élevé,autre
68,pantalon,10.4,91.76,2025-01-22,954.3040000000001,0.911,1,2025,élevé,habillement
21,cravate,8.2,11.27,2024-03-21,92.41399999999999,0.014,3,2024,moyen,autre
19,cravate,19.6,98.39,2025-05-06,1928.4440000000002,0.985,5,2025,élevé,autre
71,pull,1.9,36.7,2023-10-16,69.73,0.297,10,2023,moyen,autre
53,chaussures,18.7,13.01,2024-11-13,243.28699999999998,0.033,11,2024,élevé,autre
14,cravate,4.9,30.67,2024-02-26,150.28300000000002,0.23,2,2024,moyen,autre
25,cravate,14.8,68.92,2024-11-05,1020.0160000000001,0.657,11,2024,élevé,autre
35,cravate,14.4,15.78,2025-05-18,227.232,0.064,5,2025,élevé,autre
53,chemise,15.0,73.56,2025-02-07,1103.4,0.708,2,2025,élevé,habillement
40,pantalon,1.0,27.09,2025-05-01,27.09,0.19,5,2025,faible,habillement
20,montre,16.0,14.25,2024-08-08,228.0,0.047,8,2024,élevé,autre
54,chemise,1.6,48.5,2024-10-31,77.60000000000001,0.429,10,2024,moyen,habillement
52,pull,4.1,44.0,2025-04-03,180.39999999999998,0.379,4,2025,moyen,autre
43,pull,5.1,73.14,2025-01-27,373.01399999999995,0.704,1,2025,élevé,autre
42,cravate,18.6,53.44,2024-06-26,993.984,0.484,6,2024,élevé,autre
96,pantalon,3.3,80.85,2023-11-25,266.80499999999995,0.79,11,2023,élevé,habillement
5,cravate,13.7,22.18,2023-11-12,303.866,0.135,11,2023,élevé,autre
35,pull,20.0,85.62,2023-12-03,1712.4,0.843,12,2023,élevé,autre
89,cravate,4.3,19.71,2023-08-09,84.753,0.108,8,2023,moyen,autre
79,montre,2.7,68.89,2023-08-13,186.00300000000001,0.656,8,2023,moyen,autre
17,chaussures,7.9,68.32,2025-04-14,539.728,0.65,4,2025,élevé,autre
7,lunettes de soleil,11.9,45.37,2025-04-25,539.903,0.394,4,2025,élevé,autre
67,pantalon,3.3,46.56,2023-11-10,153.648,0.407,11,2023,moyen,habillement
19,chemise,2.8,34.03,2023-08-29,95.28399999999999,0.268,8,2023,moyen,habillement
3,lunettes de soleil,8.7,41.26,2023-10-09,358.96199999999993,0.348,10,2023,élevé,autre
60,pull,17.5,66.58,2024-06-05,1165.1499999999999,0.63,6,2024,élevé,autre
5,pull,2.2,12.46,2024-11-05,27.412000000000003,0.027,11,2024,faible,autre
27,lunettes de soleil,10.0,42.23,2023-11-02,422.29999999999995,0.359,11,2023,élevé,autre
33,chaussures,9.3,62.8,2024-09-30,584.04,0.588,9,2024,élevé,autre
17,montre,14.8,15.37,2024-09-17,227.476,0.059,9,2024,élevé,autre
75,chaussures,4.6,77.22,2024-04-09,355.212,0.749,4,2024,élevé,autre
80,chemise,6.3,62.63,2023-08-12,394.569,0.586,8,2023,élevé,habillement
45,cravate,5.7,10.59,2023-10-23,60.363,0.006,10,2023,moyen,autre
29,cravate,8.0,58.49,2024-04-25,467.92,0.54,4,2024,élevé,autre
57,lunettes de soleil,13.5,70.6,2024-03-27,953.0999999999999,0.675,3,2024,élevé,autre
12,montre,12.8,25.52,2023-08-17,326.656,0.173,8,2023,élevé,autre
66,pantalon,7.2,94.55,2025-03-11,680.76,0.942,3,2025,élevé,habillement
52,lunettes de soleil,3.5,57.73,2024-07-22,202.05499999999998,0.532,7,2024,élevé,autre
21,pull,5.1,62.7,2024-08-09,319.77,0.587,8,2024,élevé,autre
21,chaussures,6.6,39.66,2024-05-23,261.756,0.33,5,2024,élevé,autre
45,chemise,5.3,78.18,2024-03-07,414.35400000000004,0.76,3,2024,élevé,habillement
36,chemise,19.9,64.38,2023-10-17,1281.1619999999998,0.606,10,2023,élevé,habillement
2,pantalon,1.2,62.8,2024-10-13,75.36,0.588,10,2024,moyen,habillement
22,montre,10.0,65.98,2025-01-01,659.8000000000001,0.624,1,2025,élevé,autre
93,pull,13.4,22.3,2024-07-31,298.82,0.137,7,2024,élevé,autre
74,pantalon,5.8,15.87,2024-08-16,92.04599999999999,0.065,8,2024,moyen,habillement
9,montre,18.7,22.93,2024-09-15,428.791,0.144,9,2024,élevé,autre
82,cravate,11.9,89.94,2023-10-19,1070.286,0.891,10,2023,élevé,autre
58,chemise,19.6,30.52,2025-05-12,598.192,0.228,5,2025,élevé,habillement
9,robe,17.9,68.63,2023-11-07,1228.4769999999999,0.653,11,2023,élevé,autre
52,robe,13.6,97.4,2024-06-20,1324.64,0.974,6,2024,élevé,autre
18,pull,15.2,35.01,2024-01-25,532.1519999999999,0.278,1,2024,élevé,autre
17,chaussures,13.9,34.18,2023-07-24,475.10200000000003,0.269,7,2023,élevé,autre
88,montre,6.6,23.39,2025-02-14,154.374,0.149,2,2025,moyen,autre
83,pull,18.3,70.78,2024-04-02,1295.2740000000001,0.677,4,2024,élevé,autre
13,lunettes de soleil,9.1,28.52,2024-01-22,259.532,0.206,1,2024,élevé,autre
4,pantalon,19.3,86.53,2023-05-26,1670.029,0.853,5,2023,élevé,habillement
24,lunettes de soleil,19.2,81.69,2023-07-10,1568.4479999999999,0.799,7,2023,élevé,autre
87,pantalon,2.9,72.52,2024-01-06,210.308,0.697,1,2024,élevé,habillement
7,robe,13.5,90.43,2024-06-23,1220.805,0.896,6,2024,élevé,autre
86,chemise,4.1,36.04,2025-03-13,147.76399999999998,0.29,3,2025,moyen,habillement
47,chemise,5.9,52.88,2024-06-02,311.992,0.478,6,2024,élevé,habillement
69,chaussures,11.0,14.15,2025-04-24,155.65,0.046,4,2025,moyen,autre
44,cravate,11.8,88.63,2023-06-22,1045.834,0.876,6,2023,élevé,autre
84,chemise,9.7,30.72,2024-08-06,297.984,0.231,8,2024,élevé,habillement
18,lunettes de soleil,4.8,16.06,2025-04-18,77.088,0.067,4,2025,moyen,autre
51,pantalon,10.0,58.68,2024-09-02,586.8,0.542,9,2024,élevé,habillement
65,lunettes de soleil,4.8,10.78,2023-06-21,51.74399999999999,0.008,6,2023,moyen,autre
64,chaussures,6.5,82.98,2023-12-13,539.37,0.813,12,2023,élevé,autre
15,lunettes de soleil,19.1,75.67,2024-05-08,1445.2970000000003,0.732,5,2024,élevé,autre
41,lunettes de soleil,17.1,44.33,2024-08-22,758.043,0.382,8,2024,élevé,autre
12,chemise,2.1,63.04,2023-11-16,132.38400000000001,0.591,11,2023,moyen,habillement
43,chaussures,12.9,65.95,2023-10-26,850.7550000000001,0.623,10,2023,élevé,autre
51,chaussures,11.1,56.07,2024-06-16,622.377,0.513,6,2024,élevé,autre
90,robe,15.6,88.46,2023-09-15,1379.9759999999999,0.874,9,2023,élevé,autre
12,chemise,19.6,70.69,2023-08-04,1385.5240000000001,0.676,8,2023,élevé,habillement
63,pull,13.1,66.38,2023-11-16,869.5779999999999,0.628,11,2023,élevé,autre
24,chaussures,5.3,46.73,2024-08-21,247.66899999999998,0.409,8,2024,élevé,autre
64,chemise,6.9,74.1,2024-11-19,511.28999999999996,0.714,11,2024,élevé,habillement
39,pull,1.9,59.77,2024-12-22,113.563,0.555,12,2024,moyen,autre
17,lunettes de soleil,15.1,60.44,2025-05-10,912.6439999999999,0.562,5,2025,élevé,autre
10,cravate,16.8,50.18,2023-06-20,843.024,0.448,6,2023,élevé,autre
97,pull,2.9,35.27,2024-03-15,102.283,0.281,3,2024,moyen,autre
77,chemise,7.0,19.58,2024-02-15,137.06,0.106,2,2024,moyen,habillement
50,cravate,16.2,47.94,2024-06-15,776.6279999999999,0.423,6,2024,élevé,autre
30,pantalon,7.0,79.84,2024-12-30,558.88,0.778,12,2024,élevé,habillement
50,pull,12.7,77.44,2024-12-23,983.4879999999999,0.752,12,2024,élevé,autre
85,lunettes de soleil,12.4,61.29,2024-07-25,759.996,0.571,7,2024,élevé,autre
87,chaussures,10.7,34.31,2024-08-09,367.117,0.271,8,2024,élevé,autre
10,pull,15.3,68.66,2024-01-22,1050.498,0.654,1,2024,élevé,autre
17,lunettes de soleil,9.2,66.82,2024-02-26,614.7439999999999,0.633,2,2024,élevé,autre
20,chemise,8.9,94.14,2023-09-25,837.846,0.938,9,2023,élevé,habillement
95,pantalon,8.7,47.57,2025-03-03,413.859,0.418,3,2025,élevé,habillement
81,montre,1.9,24.21,2024-07-28,45.999,0.158,7,2024,faible,autre
27,lunettes de soleil,13.5,47.5,2024-01-29,641.25,0.418,1,2024,élevé,autre
97,montre,18.1,77.83,2024-05-03,1408.7230000000002,0.756,5,2024,élevé,autre
22,chemise,15.4,57.42,2024-08-08,884.268,0.528,8,2024,élevé,habillement
61,pull,3.8,42.17,2023-11-15,160.246,0.358,11,2023,moyen,autre
84,chemise,19.1,34.71,2025-03-15,662.961,0.275,3,2025,élevé,habillement
17,chaussures,11.1,34.31,2023-11-14,380.841,0.271,11,2023,élevé,autre
100,robe,17.4,33.42,2023-11-17,581.508,0.261,11,2023,élevé,autre
62,lunettes de soleil,13.4,67.29,2023-09-25,901.6860000000001,0.638,9,2023,élevé,autre
11,robe,1.9,23.55,2023-10-10,44.745,0.151,10,2023,faible,autre
26,chaussures,5.4,14.67,2025-01-13,79.218,0.052,1,2025,moyen,autre
24,chemise,5.3,25.19,2024-12-14,133.507,0.169,12,2024,moyen,habillement
86,lunettes de soleil,6.9,48.44,2024-05-23,334.236,0.428,5,2024,élevé,autre
82,pantalon,10.9,92.66,2024-06-03,1009.994,0.921,6,2024,élevé,habillement
45,chaussures,10.8,40.09,2024-04-25,432.9720000000001,0.335,4,2024,élevé,autre
45,chemise,7.2,45.98,2024-02-16,331.056,0.401,2,2024,élevé,habillement
55,chemise,18.3,77.06,2025-03-17,1410.198,0.747,3,2025,élevé,habillement
28,chaussures,10.2,58.42,2023-11-23,595.884,0.539,11,2023,élevé,autre
78,pull,16.6,99.72,2023-06-25,1655.352,1.0,6,2023,élevé,autre
52,chemise,1.1,32.48,2025-05-06,35.728,0.25,5,2025,faible,habillement
34,montre,18.7,88.6,2024-07-05,1656.82,0.876,7,2024,élevé,autre
93,montre,8.8,36.05,2025-02-28,317.24,0.29,2,2025,élevé,autre
34,pantalon,6.3,78.01,2023-07-21,491.463,0.758,7,2023,élevé,habillement
40,cravate,16.4,49.97,2024-03-28,819.5079999999999,0.445,3,2024,élevé,autre
21,cravate,11.8,53.2,2025-04-21,627.7600000000001,0.481,4,2025,élevé,autre
90,pantalon,19.8,34.61,2024-07-18,685.278,0.274,7,2024,élevé,habillement
84,chemise,7.3,45.05,2024-06-27,328.86499999999995,0.39,6,2024,élevé,habillement
7,pantalon,15.9,70.05,2025-04-12,1113.795,0.669,4,2025,élevé,habillement
72,robe,16.0,22.54,2023-11-10,360.64,0.139,11,2023,élevé,autre
27,chemise,16.1,42.53,2025-02-07,684.7330000000001,0.362,2,2025,élevé,habillement
21,pull,7.7,71.6,2023-08-23,551.3199999999999,0.686,8,2023,élevé,autre
17,chaussures,9.2,28.72,2024-12-22,264.224,0.208,12,2024,élevé,autre
87,cravate,12.3,79.44,2024-04-21,977.1120000000001,0.774,4,2024,élevé,autre
60,montre,14.4,46.17,2023-09-13,664.8480000000001,0.403,9,2023,élevé,autre
78,pantalon,3.0,80.67,2024-03-26,242.01,0.788,3,2024,élevé,habillement
14,pull,14.2,92.11,2024-07-30,1307.962,0.915,7,2024,élevé,autre
37,montre,4.0,26.95,2025-02-15,107.8,0.189,2,2025,moyen,autre
20,chemise,1.8,52.32,2024-12-30,94.176,0.471,12,2024,moyen,habillement
83,montre,1.5,96.06,2023-11-02,144.09,0.959,11,2023,moyen,autre
41,montre,9.9,99.46,2023-07-02,984.654,0.997,7,2023,élevé,autre
38,lunettes de soleil,2.6,39.48,2024-06-01,102.648,0.328,6,2024,moyen,autre
72,pull,1.5,11.06,2023-07-29,16.59,0.011,7,2023,faible,autre
53,lunettes de soleil,3.6,73.11,2024-08-15,263.196,0.703,8,2024,élevé,autre
69,robe,9.5,39.55,2023-07-13,375.72499999999997,0.329,7,2023,élevé,autre
8,chaussures,15.7,77.09,2025-04-15,1210.313,0.748,4,2025,élevé,autre
84,pull,2.8,64.92,2023-06-02,181.77599999999998,0.612,6,2023,moyen,autre
26,chemise,10.7,37.02,2024-10-24,396.11400000000003,0.301,10,2024,élevé,habillement
94,pull,14.0,25.51,2024-12-30,357.14000000000004,0.173,12,2024,élevé,autre
26,lunettes de soleil,5.4,61.83,2025-05-11,333.882,0.577,5,2025,élevé,autre
53,chemise,2.6,95.93,2024-05-11,249.41800000000003,0.958,5,2024,élevé,habillement
24,montre,5.5,20.44,2023-06-23,112.42,0.116,6,2023,moyen,autre
4,chaussures,12.8,55.23,2024-12-13,706.944,0.504,12,2024,élevé,autre
20,pantalon,13.7,38.88,2024-12-18,532.6560000000001,0.322,12,2024,élevé,habillement
7,robe,19.5,92.02,2024-07-02,1794.3899999999999,0.914,7,2024,élevé,autre
5,pull,16.4,20.08,2025-01-22,329.31199999999995,0.112,1,2025,élevé,autre
29,pantalon,16.7,20.59,2023-06-23,343.853,0.118,6,2023,élevé,habillement
46,lunettes de soleil,16.0,10.8,2024-05-08,172.8,0.008,5,2024,moyen,autre
12,lunettes de soleil,13.2,23.7,2025-04-17,312.84,0.152,4,2025,élevé,autre
87,robe,2.4,53.89,2023-09-11,129.33599999999998,0.489,9,2023,moyen,autre
87,chaussures,4.5,19.18,2023-09-11,86.31,0.102,9,2023,moyen,autre
19,pull,14.8,90.15,2024-01-27,1334.2200000000003,0.893,1,2024,élevé,autre
9,lunettes de soleil,13.7,81.73,2024-04-07,1119.701,0.799,4,2024,élevé,autre
80,robe,8.3,91.42,2024-06-10,758.7860000000001,0.907,6,2024,élevé,autre
55,pantalon,3.9,28.68,2024-02-17,111.85199999999999,0.208,2,2024,moyen,habillement
20,montre,5.8,44.98,2024-11-07,260.88399999999996,0.39,11,2024,élevé,autre
89,chaussures,18.2,74.87,2023-12-05,1362.634,0.723,12,2023,élevé,autre
3,pull,12.6,35.93,2023-10-30,452.71799999999996,0.289,10,2023,élevé,autre
20,chaussures,14.8,10.6,2024-11-04,156.88,0.006,11,2024,moyen,autre
75,chemise,19.1,29.29,2025-01-31,559.4390000000001,0.215,1,2025,élevé,habillement
71,chaussures,3.3,80.87,2024-01-18,266.871,0.79,1,2024,élevé,autre
34,chaussures,2.4,54.97,2023-06-25,131.928,0.501,6,2023,moyen,autre
36,robe,17.8,25.14,2024-02-18,447.492,0.168,2,2024,élevé,autre
62,pantalon,13.1,94.73,2025-02-08,1240.963,0.944,2,2025,élevé,habillement
93,lunettes de soleil,18.5,61.3,2023-07-22,1134.05,0.572,7,2023,élevé,autre
17,montre,4.5,65.29,2024-11-03,293.805,0.616,11,2024,élevé,autre
20,pull,7.9,40.92,2024-03-15,323.26800000000003,0.344,3,2024,élevé,autre
48,cravate,12.3,19.72,2024-08-26,242.556,0.108,8,2024,élevé,autre
50,montre,3.6,30.39,2023-05-22,109.40400000000001,0.227,5,2023,moyen,autre
10,chemise,12.3,90.74,2024-07-29,1116.102,0.9,7,2024,élevé,habillement
58,cravate,19.4,13.94,2025-03-20,270.436,0.043,3,2025,élevé,autre
75,robe,4.6,73.56,2024-03-15,338.376,0.708,3,2024,élevé,autre
62,pull,14.3,51.89,2023-05-31,742.027,0.467,5,2023,élevé,autre
13,montre,19.1,97.11,2023-09-05,1854.8010000000002,0.971,9,2023,élevé,autre
